date,symbol,open,high,low,close,adj_close,volume,source_id
2025-01-02,FSLR,177.91000366210938,187.4199981689453,177.5,186.47000122070312,186.47000122070312,1794800,S11
2025-01-03,FSLR,187.61000061035156,188.0,184.05999755859375,186.42999267578125,186.42999267578125,1277800,S11
2025-01-06,FSLR,191.47999572753906,197.66000366210938,189.9600067138672,191.27000427246094,191.27000427246094,2194800,S11
2025-01-07,FSLR,194.1300048828125,201.1999969482422,194.0,197.72999572753906,197.72999572753906,2108600,S11
2025-01-08,FSLR,194.10000610351562,195.00999450683594,188.30999755859375,191.1300048828125,191.1300048828125,1780700,S11
2025-01-10,FSLR,190.52000427246094,191.66000366210938,186.97000122070312,189.24000549316406,189.24000549316406,1410500,S11
2025-01-13,FSLR,186.66000366210938,187.0,180.27999877929688,183.61000061035156,183.61000061035156,1497000,S11
2025-01-14,FSLR,186.0,189.3000030517578,182.7899932861328,185.35000610351562,185.35000610351562,1215200,S11
2025-01-15,FSLR,190.10000610351562,192.67999267578125,186.27000427246094,186.82000732421875,186.82000732421875,1376000,S11
2025-01-16,FSLR,189.39999389648438,194.57000732421875,187.72999572753906,190.88999938964844,190.88999938964844,1832500,S11
2025-01-17,FSLR,193.8800048828125,194.0,190.57000732421875,192.8800048828125,192.8800048828125,1538900,S11
2025-01-21,FSLR,189.8000030517578,192.14999389648438,179.58999633789062,183.50999450683594,183.50999450683594,3362900,S11
2025-01-22,FSLR,183.22999572753906,183.64999389648438,171.67999267578125,171.89999389648438,171.89999389648438,4383100,S11
2025-01-23,FSLR,171.00999450683594,175.75,165.85000610351562,174.11000061035156,174.11000061035156,4240200,S11
2025-01-24,FSLR,173.7899932861328,174.0399932861328,167.64999389648438,168.25,168.25,3910700,S11
2025-01-27,FSLR,166.3000030517578,168.39999389648438,161.57000732421875,164.30999755859375,164.30999755859375,3044200,S11
2025-01-28,FSLR,164.52000427246094,165.0,158.0800018310547,160.24000549316406,160.24000549316406,2975900,S11
2025-01-29,FSLR,164.92999267578125,171.5,164.17999267578125,166.00999450683594,166.00999450683594,3346200,S11
2025-01-30,FSLR,168.13999938964844,169.97000122070312,165.5399932861328,167.38999938964844,167.38999938964844,1375400,S11
2025-01-31,FSLR,166.27999877929688,169.77000427246094,166.0800018310547,167.52000427246094,167.52000427246094,1793400,S11
2025-02-03,FSLR,163.30999755859375,169.9499969482422,162.0,167.19000244140625,167.19000244140625,2127500,S11
2025-02-04,FSLR,165.52999877929688,169.89999389648438,162.4600067138672,166.22999572753906,166.22999572753906,1641300,S11
2025-02-05,FSLR,169.63999938964844,171.5399932861328,162.19000244140625,162.3699951171875,162.3699951171875,2360800,S11
2025-02-06,FSLR,163.38999938964844,167.74000549316406,162.58999633789062,167.6699981689453,167.6699981689453,1879300,S11
2025-02-07,FSLR,167.6699981689453,170.72000122070312,165.30999755859375,168.33999633789062,168.33999633789062,1641700,S11
2025-02-10,FSLR,169.94000244140625,170.39999389648438,162.67999267578125,162.88999938964844,162.88999938964844,2587400,S11
2025-02-11,FSLR,165.4600067138672,166.86000061035156,160.27999877929688,161.60000610351562,161.60000610351562,2608500,S11
2025-02-12,FSLR,159.66000366210938,162.08999633789062,157.86000061035156,158.61000061035156,158.61000061035156,1962100,S11
2025-02-13,FSLR,158.47999572753906,161.49000549316406,157.07000732421875,160.33999633789062,160.33999633789062,1424900,S11
2025-02-14,FSLR,161.1999969482422,163.7100067138672,159.3300018310547,159.75999450683594,159.75999450683594,1406300,S11
2025-02-18,FSLR,160.60000610351562,163.25,158.5,162.8699951171875,162.8699951171875,1923700,S11
2025-02-19,FSLR,166.2899932861328,170.6999969482422,162.27999877929688,162.5,162.5,2505900,S11
2025-02-20,FSLR,161.94000244140625,164.5500030517578,159.32000732421875,164.08999633789062,164.08999633789062,2282200,S11
2025-02-21,FSLR,162.4600067138672,164.22000122070312,153.52999877929688,155.44000244140625,155.44000244140625,3879300,S11
2025-02-24,FSLR,155.22000122070312,155.64999389648438,151.0,152.91000366210938,152.91000366210938,2711000,S11
2025-02-25,FSLR,150.92999267578125,152.6699981689453,146.19000244140625,147.4600067138672,147.4600067138672,5095000,S11
2025-02-26,FSLR,154.66000366210938,167.9600067138672,154.66000366210938,156.83999633789062,156.83999633789062,7054300,S11
2025-02-27,FSLR,155.8800048828125,160.9199981689453,140.83999633789062,141.17999267578125,141.17999267578125,4416300,S11
2025-02-28,FSLR,141.08999633789062,141.32000732421875,133.89999389648438,136.17999267578125,136.17999267578125,5783800,S11
2025-03-03,FSLR,135.27999877929688,136.0,126.54000091552734,127.62999725341797,127.62999725341797,4698600,S11
2025-03-04,FSLR,125.48999786376953,135.67999267578125,124.95999908447266,131.22999572753906,131.22999572753906,4354100,S11
2025-03-05,FSLR,131.61000061035156,132.4600067138672,129.22000122070312,130.89999389648438,130.89999389648438,3241300,S11
2025-03-06,FSLR,128.64999389648438,133.75,127.4000015258789,131.1300048828125,131.1300048828125,2418800,S11
2025-03-07,FSLR,130.9600067138672,139.72000122070312,130.91000366210938,139.1300048828125,139.1300048828125,3456400,S11
2025-03-10,FSLR,137.36000061035156,139.74000549316406,132.1199951171875,133.11000061035156,133.11000061035156,3449100,S11
2025-03-11,FSLR,135.2899932861328,140.9499969482422,135.0,139.10000610351562,139.10000610351562,3780100,S11
2025-03-12,FSLR,139.7100067138672,140.97999572753906,134.39999389648438,136.0399932861328,136.0399932861328,2134300,S11
2025-03-13,FSLR,135.07000732421875,138.80999755859375,131.7899932861328,132.80999755859375,132.80999755859375,2100300,S11
2025-03-14,FSLR,136.02000427246094,136.02000427246094,131.52000427246094,132.50999450683594,132.50999450683594,2112300,S11
2025-03-17,FSLR,133.4199981689453,135.6999969482422,132.05999755859375,133.02999877929688,133.02999877929688,2441900,S11
2025-03-18,FSLR,131.50999450683594,132.00999450683594,125.66999816894531,127.33999633789062,127.33999633789062,3017700,S11
2025-03-19,FSLR,127.88999938964844,131.25999450683594,127.5,129.33999633789062,129.33999633789062,2053000,S11
2025-03-20,FSLR,127.80000305175781,130.99000549316406,126.5999984741211,128.4600067138672,128.4600067138672,1833500,S11
2025-03-21,FSLR,128.8000030517578,131.64999389648438,127.80000305175781,131.32000732421875,131.32000732421875,4510100,S11
2025-03-24,FSLR,133.7100067138672,135.0,128.67999267578125,128.82000732421875,128.82000732421875,3866100,S11
2025-03-25,FSLR,128.63999938964844,133.32000732421875,128.17999267578125,131.4600067138672,131.4600067138672,3762700,S11
2025-03-26,FSLR,131.07000732421875,132.5,124.52999877929688,126.33999633789062,126.33999633789062,3693500,S11
2025-03-27,FSLR,125.4000015258789,130.9600067138672,124.31999969482422,126.5999984741211,126.5999984741211,2647100,S11
2025-03-28,FSLR,126.1500015258789,129.1999969482422,124.31999969482422,127.31999969482422,127.31999969482422,3086800,S11
2025-03-31,FSLR,125.33000183105469,127.0999984741211,120.5999984741211,126.43000030517578,126.43000030517578,3186800,S11
2025-04-01,FSLR,126.11000061035156,127.7699966430664,122.36000061035156,127.56999969482422,127.56999969482422,3082400,S11
2025-04-02,FSLR,127.08999633789062,129.97000122070312,125.55000305175781,129.82000732421875,129.82000732421875,1950700,S11
2025-04-03,FSLR,128.85000610351562,140.52000427246094,128.57000732421875,136.22999572753906,136.22999572753906,8819800,S11
2025-04-04,FSLR,134.47999572753906,134.8699951171875,125.36000061035156,128.69000244140625,128.69000244140625,4689300,S11
2025-04-07,FSLR,126.16000366210938,140.1300048828125,126.0,130.0500030517578,130.0500030517578,5115700,S11
2025-04-08,FSLR,135.47000122070312,137.22999572753906,118.56999969482422,120.37999725341797,120.37999725341797,4371300,S11
2025-04-09,FSLR,120.81999969482422,130.30999755859375,116.55999755859375,129.6300048828125,129.6300048828125,6027300,S11
2025-04-10,FSLR,125.0,125.69999694824219,117.6500015258789,122.19000244140625,122.19000244140625,3736900,S11
2025-04-11,FSLR,122.97000122070312,126.33000183105469,120.1500015258789,125.93000030517578,125.93000030517578,2690300,S11
2025-04-14,FSLR,129.11000061035156,133.13999938964844,126.44999694824219,131.25999450683594,131.25999450683594,2705600,S11
2025-04-15,FSLR,131.2100067138672,134.02999877929688,126.0,126.81999969482422,126.81999969482422,2570800,S11
2025-04-16,FSLR,126.05999755859375,128.6999969482422,121.83000183105469,124.37999725341797,124.37999725341797,2417000,S11
2025-04-17,FSLR,124.58999633789062,128.3800048828125,123.19999694824219,127.9800033569336,127.9800033569336,2279800,S11
2025-04-21,FSLR,126.45999908447266,126.51000213623047,120.43000030517578,122.44999694824219,122.44999694824219,1930900,S11
2025-04-22,FSLR,131.5,141.4600067138672,129.3300018310547,135.35000610351562,135.35000610351562,8077900,S11
2025-04-23,FSLR,138.07000732421875,138.11000061035156,129.94000244140625,131.10000610351562,131.10000610351562,3722500,S11
2025-04-24,FSLR,133.0,137.6999969482422,131.83999633789062,136.44000244140625,136.44000244140625,3242800,S11
2025-04-25,FSLR,135.00999450683594,142.1999969482422,134.9199981689453,141.86000061035156,141.86000061035156,2703000,S11
2025-04-28,FSLR,143.64999389648438,144.6300048828125,138.57000732421875,140.72999572753906,140.72999572753906,2755900,S11
2025-04-29,FSLR,140.72000122070312,144.0,136.82000732421875,137.24000549316406,137.24000549316406,5607300,S11
2025-04-30,FSLR,120.76000213623047,127.5999984741211,119.08999633789062,125.81999969482422,125.81999969482422,13743700,S11
2025-05-01,FSLR,127.94000244140625,130.07000732421875,126.31999969482422,126.56999969482422,126.56999969482422,4499400,S11
2025-05-02,FSLR,127.68000030517578,132.27000427246094,125.55000305175781,130.5399932861328,130.5399932861328,3396000,S11
2025-05-05,FSLR,128.64999389648438,129.22999572753906,122.4800033569336,127.16000366210938,127.16000366210938,3736800,S11
2025-05-06,FSLR,127.0,130.7899932861328,126.2300033569336,126.76000213623047,126.76000213623047,2703100,S11
2025-05-07,FSLR,125.9800033569336,130.0,125.80000305175781,129.77999877929688,129.77999877929688,2065800,S11
2025-05-08,FSLR,130.33999633789062,135.3000030517578,127.33000183105469,133.75999450683594,133.75999450683594,4269100,S11
2025-05-09,FSLR,134.1199951171875,143.61000061035156,133.75,140.67999267578125,140.67999267578125,5430400,S11
2025-05-12,FSLR,148.94000244140625,156.88999938964844,142.57000732421875,156.2100067138672,156.2100067138672,12000800,S11
2025-05-13,FSLR,176.1199951171875,195.44000244140625,175.24000549316406,191.60000610351562,191.60000610351562,20211200,S11
2025-05-14,FSLR,190.47999572753906,198.8699951171875,186.85000610351562,192.97999572753906,192.97999572753906,8542900,S11
2025-05-15,FSLR,190.5,190.8300018310547,180.9199981689453,186.17999267578125,186.17999267578125,5979100,S11
2025-05-16,FSLR,187.3000030517578,188.0,175.57000732421875,178.4600067138672,178.4600067138672,5256300,S11
2025-05-19,FSLR,171.39999389648438,174.0800018310547,160.77999877929688,164.9199981689453,164.9199981689453,10873000,S11
2025-05-20,FSLR,165.3699951171875,172.88999938964844,164.6999969482422,167.22000122070312,167.22000122070312,6089900,S11
2025-05-21,FSLR,161.64999389648438,164.82000732421875,159.61000061035156,163.3699951171875,163.3699951171875,4896000,S11
2025-05-22,FSLR,159.9499969482422,161.0,152.72000122070312,156.35000610351562,156.35000610351562,7911900,S11
2025-05-23,FSLR,154.00999450683594,161.6199951171875,152.58999633789062,158.3800048828125,158.3800048828125,3562500,S11
2025-05-27,FSLR,158.5500030517578,158.69000244140625,153.77999877929688,155.72999572753906,155.72999572753906,3835200,S11
2025-05-28,FSLR,155.50999450683594,157.3300018310547,153.8699951171875,156.4499969482422,156.4499969482422,2221600,S11
2025-05-29,FSLR,158.0,159.3800048828125,153.77000427246094,155.9499969482422,155.9499969482422,2514000,S11
2025-05-30,FSLR,155.75,160.63999938964844,154.1999969482422,158.0800018310547,158.0800018310547,5258100,S11
2025-06-02,FSLR,158.2100067138672,158.82000732421875,148.8000030517578,149.64999389648438,149.64999389648438,4165200,S11
2025-06-03,FSLR,149.0800018310547,159.64999389648438,145.88999938964844,159.3699951171875,159.3699951171875,4474600,S11
2025-06-04,FSLR,159.89999389648438,163.1699981689453,156.25,159.80999755859375,159.80999755859375,3033800,S11
2025-06-05,FSLR,160.64999389648438,167.1999969482422,157.75999450683594,163.83999633789062,163.83999633789062,3604500,S11
2025-06-06,FSLR,165.13999938964844,166.9199981689453,162.5,166.35000610351562,166.35000610351562,2121600,S11
2025-06-09,FSLR,167.85000610351562,168.6300048828125,160.08999633789062,160.16000366210938,160.16000366210938,2601400,S11
2025-06-10,FSLR,162.47000122070312,164.94000244140625,159.85000610351562,164.6199951171875,164.6199951171875,3025200,S11
2025-06-11,FSLR,170.0,174.42999267578125,166.72000122070312,167.86000061035156,167.86000061035156,3617600,S11
2025-06-12,FSLR,167.52000427246094,168.94000244140625,163.75999450683594,167.8300018310547,167.8300018310547,2120800,S11
2025-06-13,FSLR,164.6300048828125,179.5,164.10000610351562,175.1999969482422,175.1999969482422,4466800,S11
2025-06-16,FSLR,176.32000732421875,177.6300048828125,169.6300048828125,175.25,175.25,4928900,S11
2025-06-17,FSLR,137.9499969482422,146.92999267578125,135.5,143.89999389648438,143.89999389648438,20640000,S11
2025-06-18,FSLR,143.7100067138672,150.75,141.5,143.6699981689453,143.6699981689453,7610700,S11
2025-06-20,FSLR,144.0,147.72999572753906,143.8000030517578,145.0,145.0,5074300,S11
2025-06-23,FSLR,144.3000030517578,147.0,139.25999450683594,144.6699981689453,144.6699981689453,3708200,S11
2025-06-24,FSLR,145.94000244140625,153.49000549316406,142.83999633789062,151.17999267578125,151.17999267578125,5149100,S11
2025-06-25,FSLR,152.0,152.97000122070312,147.3000030517578,152.6999969482422,152.6999969482422,3386700,S11
2025-06-26,FSLR,156.80999755859375,158.99000549316406,154.0,155.6300048828125,155.6300048828125,4127900,S11
2025-06-27,FSLR,156.3699951171875,158.19000244140625,149.5399932861328,152.13999938964844,152.13999938964844,4371600,S11
2025-06-30,FSLR,161.6300048828125,167.7899932861328,159.52000427246094,165.5399932861328,165.5399932861328,7938500,S11
2025-07-01,FSLR,165.02000427246094,169.6300048828125,158.80999755859375,162.9600067138672,162.9600067138672,6575500,S11
2025-07-02,FSLR,165.0,178.30999755859375,164.7100067138672,170.52000427246094,170.52000427246094,6332300,S11
2025-07-03,FSLR,178.0,189.5,177.85000610351562,185.02999877929688,185.02999877929688,6399700,S11
2025-07-07,FSLR,183.0,183.8800048828125,175.35000610351562,177.05999755859375,177.05999755859375,3697400,S11
2025-07-08,FSLR,168.32000732421875,172.6199951171875,165.14999389648438,165.47999572753906,165.47999572753906,4965800,S11
2025-07-09,FSLR,165.3000030517578,167.24000549316406,163.19000244140625,165.99000549316406,165.99000549316406,2979100,S11
2025-07-10,FSLR,166.58999633789062,168.47999572753906,164.60000610351562,165.08999633789062,165.08999633789062,3018200,S11
2025-07-11,FSLR,163.60000610351562,165.63999938964844,161.75999450683594,162.44000244140625,162.44000244140625,2136800,S11
2025-07-14,FSLR,162.5,165.14999389648438,159.85000610351562,160.83999633789062,160.83999633789062,1911500,S11
2025-07-15,FSLR,167.33999633789062,172.8000030517578,165.88999938964844,171.92999267578125,171.92999267578125,4188700,S11
2025-07-16,FSLR,172.10000610351562,173.3699951171875,165.57000732421875,166.82000732421875,166.82000732421875,3211800,S11
2025-07-17,FSLR,167.74000549316406,175.85000610351562,167.60000610351562,173.5399932861328,173.5399932861328,3650200,S11
2025-07-18,FSLR,173.39999389648438,177.22999572753906,171.86000061035156,175.85000610351562,175.85000610351562,2611600,S11
2025-07-21,FSLR,176.92999267578125,181.25,175.1999969482422,178.3300018310547,178.3300018310547,2298200,S11
2025-07-22,FSLR,178.33999633789062,181.05999755859375,175.52999877929688,179.99000549316406,179.99000549316406,1944900,S11
2025-07-23,FSLR,180.67999267578125,181.8800048828125,176.8800048828125,179.77000427246094,179.77000427246094,1894400,S11
2025-07-24,FSLR,180.2899932861328,181.99000549316406,177.05999755859375,180.72000122070312,180.72000122070312,2046700,S11
2025-07-25,FSLR,180.0500030517578,186.80999755859375,179.32000732421875,185.32000732421875,185.32000732421875,2048000,S11
2025-07-28,FSLR,183.75,184.88999938964844,180.32000732421875,183.5800018310547,183.5800018310547,2622100,S11
2025-07-29,FSLR,183.5800018310547,184.50999450683594,180.92999267578125,181.82000732421875,181.82000732421875,1584800,S11
2025-07-30,FSLR,181.99000549316406,183.0,176.6199951171875,179.1300048828125,179.1300048828125,2300800,S11
2025-07-31,FSLR,179.88999938964844,179.88999938964844,171.99000549316406,174.72999572753906,174.72999572753906,3571200,S11
2025-08-01,FSLR,186.33999633789062,189.6300048828125,179.0,183.97000122070312,183.97000122070312,5804800,S11
2025-08-04,FSLR,184.3000030517578,186.25,181.47000122070312,183.4199981689453,183.4199981689453,2150500,S11
2025-08-05,FSLR,183.05999755859375,188.8300018310547,181.3000030517578,186.83999633789062,186.83999633789062,2510800,S11
2025-08-06,FSLR,186.72000122070312,190.0,183.5,185.00999450683594,185.00999450683594,1758600,S11
2025-08-07,FSLR,187.57000732421875,190.66000366210938,185.22000122070312,185.60000610351562,185.60000610351562,2216000,S11
2025-08-08,FSLR,187.38999938964844,188.5,183.77999877929688,184.64999389648438,184.64999389648438,1631100,S11
2025-08-11,FSLR,184.27999877929688,187.52000427246094,181.52000427246094,182.1300048828125,182.1300048828125,1508800,S11
2025-08-12,FSLR,184.2899932861328,187.77000427246094,181.52000427246094,184.72999572753906,184.72999572753906,2018200,S11
2025-08-13,FSLR,185.36000061035156,192.5399932861328,183.1999969482422,184.83999633789062,184.83999633789062,2837900,S11
2025-08-14,FSLR,182.19000244140625,183.0399932861328,176.47000122070312,180.0500030517578,180.0500030517578,2514600,S11
2025-08-15,FSLR,182.1199951171875,206.60000610351562,179.05999755859375,199.9499969482422,199.9499969482422,10932500,S11
2025-08-18,FSLR,209.67999267578125,221.5,209.5,219.3300018310547,219.3300018310547,9507100,S11
2025-08-19,FSLR,215.3300018310547,219.64999389648438,208.50999450683594,210.9600067138672,210.9600067138672,4568600,S11
2025-08-20,FSLR,208.6699981689453,212.99000549316406,205.25999450683594,206.44000244140625,206.44000244140625,3045800,S11
2025-08-21,FSLR,204.60000610351562,204.60000610351562,191.39999389648438,192.0,192.0,5222700,S11
2025-08-22,FSLR,194.14999389648438,203.16000366210938,191.10000610351562,202.27999877929688,202.27999877929688,4433100,S11
2025-08-25,FSLR,200.0,201.5,195.1199951171875,199.44000244140625,199.44000244140625,1937400,S11
2025-08-26,FSLR,198.97000122070312,201.0,195.7899932861328,196.72000122070312,196.72000122070312,2297200,S11
2025-08-27,FSLR,195.08999633789062,196.7100067138672,191.0500030517578,191.22999572753906,191.22999572753906,2030800,S11
2025-08-28,FSLR,193.75,199.77999877929688,192.92999267578125,197.02000427246094,197.02000427246094,2017200,S11
2025-08-29,FSLR,197.14999389648438,199.8000030517578,195.0399932861328,195.19000244140625,195.19000244140625,1397700,S11
2025-09-02,FSLR,190.14999389648438,196.25,187.63999938964844,195.77999877929688,195.77999877929688,1935200,S11
2025-09-03,FSLR,195.8300018310547,203.02999877929688,194.3000030517578,201.49000549316406,201.49000549316406,2546800,S11
2025-09-04,FSLR,202.39999389648438,204.1999969482422,197.5,201.8699951171875,201.8699951171875,1741100,S11
2025-09-05,FSLR,206.27000427246094,213.25,199.3000030517578,205.13999938964844,205.13999938964844,3066300,S11
2025-09-08,FSLR,206.25,206.63999938964844,198.9499969482422,203.2100067138672,203.2100067138672,2450300,S11
2025-09-09,FSLR,204.10000610351562,207.22999572753906,197.8000030517578,203.05999755859375,203.05999755859375,1846800,S11
2025-09-10,FSLR,203.75,209.1300048828125,201.25,203.7899932861328,203.7899932861328,1692100,S11
2025-09-11,FSLR,204.36000061035156,208.8000030517578,202.5800018310547,203.30999755859375,203.30999755859375,1653100,S11
2025-09-12,FSLR,203.5399932861328,205.44000244140625,201.58999633789062,201.6999969482422,201.6999969482422,1239000,S11
2025-09-15,FSLR,201.80999755859375,207.7899932861328,196.8000030517578,207.0,207.0,1925600,S11
2025-09-16,FSLR,207.3800048828125,208.44000244140625,203.99000549316406,205.25,205.25,1847100,S11
2025-09-17,FSLR,205.97000122070312,215.25,204.25,210.7100067138672,210.7100067138672,2656800,S11
2025-09-18,FSLR,211.0,212.66000366210938,206.92999267578125,209.6300048828125,209.6300048828125,2331200,S11
2025-09-19,FSLR,211.00999450683594,216.6999969482422,209.1199951171875,212.49000549316406,212.49000549316406,3860600,S11
2025-09-22,FSLR,213.22999572753906,219.83999633789062,211.5,219.1999969482422,219.1999969482422,2692500,S11
2025-09-23,FSLR,220.0,223.49000549316406,215.38999938964844,215.72999572753906,215.72999572753906,2479500,S11
2025-09-24,FSLR,217.5,228.33999633789062,217.5,219.1699981689453,219.1699981689453,2818800,S11
2025-09-25,FSLR,214.69000244140625,225.32000732421875,211.00999450683594,223.0500030517578,223.0500030517578,2051700,S11
2025-09-26,FSLR,221.25,223.38999938964844,218.66000366210938,220.02000427246094,220.02000427246094,1880500,S11
2025-09-29,FSLR,222.11000061035156,226.92999267578125,221.75,223.52999877929688,223.52999877929688,1886400,S11
2025-09-30,FSLR,223.69000244140625,224.32000732421875,218.02999877929688,220.52999877929688,220.52999877929688,1707200,S11
2025-10-01,FSLR,221.77999877929688,229.11000061035156,221.41000366210938,224.82000732421875,224.82000732421875,2625700,S11
2025-10-02,FSLR,230.02000427246094,234.00999450683594,227.5,232.1300048828125,232.1300048828125,2773100,S11
2025-10-03,FSLR,232.25,235.8699951171875,226.72000122070312,230.1300048828125,230.1300048828125,2191300,S11
2025-10-06,FSLR,231.52000427246094,235.5800018310547,227.77000427246094,229.57000732421875,229.57000732421875,2030600,S11
2025-10-07,FSLR,229.57000732421875,231.0,225.5,227.88999938964844,227.88999938964844,1416900,S11
2025-10-08,FSLR,229.30999755859375,233.0,227.91000366210938,231.3699951171875,231.3699951171875,1127800,S11
2025-10-09,FSLR,231.1699981689453,237.1999969482422,228.89999389648438,234.3000030517578,234.3000030517578,1517600,S11
2025-10-10,FSLR,232.89999389648438,234.4199981689453,224.0,225.91000366210938,225.91000366210938,2180600,S11
2025-10-13,FSLR,227.88999938964844,235.8800048828125,224.16000366210938,226.14999389648438,226.14999389648438,2278400,S11
2025-10-14,FSLR,224.25999450683594,230.9600067138672,220.10000610351562,224.42999267578125,224.42999267578125,2191500,S11
2025-10-15,FSLR,231.69000244140625,248.0399932861328,229.0800018310547,244.39999389648438,244.39999389648438,4617500,S11
2025-10-16,FSLR,242.10000610351562,245.36000061035156,236.63999938964844,237.7899932861328,237.7899932861328,2294200,S11
2025-10-17,FSLR,235.4600067138672,237.30999755859375,229.8300018310547,231.85000610351562,231.85000610351562,2328000,S11
2025-10-20,FSLR,234.52000427246094,238.0,228.38999938964844,229.0,229.0,1422500,S11
2025-10-21,FSLR,230.3699951171875,230.41000366210938,224.16000366210938,226.85000610351562,226.85000610351562,1304900,S11
2025-10-22,FSLR,227.19000244140625,231.5500030517578,216.6300048828125,223.36000061035156,223.36000061035156,2379900,S11
2025-10-23,FSLR,222.8000030517578,230.83999633789062,222.6300048828125,229.0,229.0,1681100,S11
2025-10-24,FSLR,239.67999267578125,244.0,234.0,241.41000366210938,241.41000366210938,2595500,S11
2025-10-27,FSLR,243.61000061035156,249.55999755859375,241.41000366210938,247.69000244140625,247.69000244140625,2068900,S11
2025-10-28,FSLR,246.07000732421875,249.27000427246094,236.83999633789062,239.60000610351562,239.60000610351562,2552500,S11
2025-10-29,FSLR,240.0,246.10000610351562,236.0,241.7100067138672,241.7100067138672,2331300,S11
2025-10-30,FSLR,237.13999938964844,242.52000427246094,232.77000427246094,233.5800018310547,233.5800018310547,2529300,S11
2025-10-31,FSLR,249.1300048828125,269.6700134277344,246.16000366210938,266.94000244140625,266.94000244140625,6158700,S11
2025-11-03,FSLR,265.92999267578125,275.0799865722656,261.0,265.7099914550781,265.7099914550781,2707600,S11
2025-11-04,FSLR,256.7799987792969,269.7900085449219,253.77999877929688,262.70001220703125,262.70001220703125,2575500,S11
2025-11-05,FSLR,262.3999938964844,281.54998779296875,261.0299987792969,277.3900146484375,277.3900146484375,3644300,S11
2025-11-06,FSLR,278.3999938964844,279.9599914550781,270.6199951171875,271.9800109863281,271.9800109863281,2338800,S11
2025-11-07,FSLR,262.0799865722656,268.3599853515625,254.50999450683594,267.6400146484375,267.6400146484375,2513300,S11
2025-11-10,FSLR,273.07000732421875,278.80999755859375,268.05999755859375,272.6400146484375,272.6400146484375,2141200,S11
2025-11-11,FSLR,268.9700012207031,273.0,261.05999755859375,264.1499938964844,264.1499938964844,1922200,S11
2025-11-12,FSLR,268.1099853515625,270.3699951171875,261.7699890136719,267.5199890136719,267.5199890136719,1503400,S11
2025-11-13,FSLR,267.5199890136719,269.7699890136719,255.83999633789062,256.5899963378906,256.5899963378906,2351500,S11
2025-11-14,FSLR,244.41000366210938,257.70001220703125,243.75,253.0800018310547,253.0800018310547,2816400,S11
2025-11-17,FSLR,251.35000610351562,258.0,250.25,253.5399932861328,253.5399932861328,1484500,S11
2025-11-18,FSLR,247.0,257.3800048828125,244.4199981689453,252.19000244140625,252.19000244140625,1760300,S11
2025-11-19,FSLR,252.19000244140625,257.8299865722656,249.3000030517578,251.8699951171875,251.8699951171875,1514700,S11
2025-11-20,FSLR,258.0400085449219,264.7900085449219,244.22000122070312,245.83999633789062,245.83999633789062,2300700,S11
2025-11-21,FSLR,244.63999938964844,254.0,241.0,249.91000366210938,249.91000366210938,1923000,S11
2025-11-24,FSLR,250.0,261.45001220703125,249.0,259.8500061035156,259.8500061035156,2094100,S11
2025-11-25,FSLR,261.5299987792969,261.9100036621094,253.52999877929688,260.3599853515625,260.3599853515625,1570900,S11
2025-11-26,FSLR,263.5,274.6199951171875,262.69000244140625,272.2099914550781,272.2099914550781,1903800,S11
2025-11-28,FSLR,274.0799865722656,276.1400146484375,270.510009765625,272.9200134277344,272.9200134277344,1091200,S11
2025-12-01,FSLR,269.2699890136719,272.2099914550781,262.69000244140625,263.5400085449219,263.5400085449219,2049500,S11
2025-12-02,FSLR,264.3900146484375,265.94000244140625,260.0,262.55999755859375,262.55999755859375,1573300,S11
2025-12-03,FSLR,263.0,263.0,252.30999755859375,256.05999755859375,256.05999755859375,1862500,S11
2025-12-04,FSLR,255.44000244140625,260.5,254.6999969482422,257.2799987792969,257.2799987792969,1365400,S11
2025-12-05,FSLR,258.0,264.0,255.1199951171875,257.6099853515625,257.6099853515625,1911200,S11
2025-12-08,FSLR,257.1300048828125,258.7099914550781,251.32000732421875,255.8800048828125,255.8800048828125,1825200,S11
2025-12-09,FSLR,253.80999755859375,261.2699890136719,252.39999389648438,253.4199981689453,253.4199981689453,1998900,S11
2025-12-10,FSLR,252.14999389648438,266.25,251.3000030517578,262.2300109863281,262.2300109863281,1825800,S11
2025-12-11,FSLR,261.1099853515625,273.4599914550781,253.8699951171875,272.8299865722656,272.8299865722656,2315800,S11
2025-12-12,FSLR,273.0,273.79998779296875,249.0,254.8000030517578,254.8000030517578,2969100,S11
2025-12-15,FSLR,253.50999450683594,257.25,249.75999450683594,255.88999938964844,255.88999938964844,1564300,S11
2025-12-16,FSLR,255.25,260.3399963378906,252.0,258.510009765625,258.510009765625,1489000,S11
2025-12-17,FSLR,260.0,264.0,251.6999969482422,254.02999877929688,254.02999877929688,1750700,S11
2025-12-18,FSLR,258.8900146484375,266.7200012207031,255.5,261.7900085449219,261.7900085449219,1873500,S11
2025-12-19,FSLR,263.4700012207031,268.8999938964844,261.7900085449219,266.9800109863281,266.9800109863281,2708100,S11
2025-12-22,FSLR,269.19000244140625,285.989990234375,265.6499938964844,284.5899963378906,284.5899963378906,3479000,S11
2025-12-23,FSLR,282.0,283.3699951171875,262.0,269.3900146484375,269.3900146484375,3848500,S11
2025-12-24,FSLR,270.0299987792969,273.5,267.2699890136719,272.2099914550781,272.2099914550781,849800,S11
2025-12-26,FSLR,271.5899963378906,271.739990234375,267.0,269.69000244140625,269.69000244140625,822600,S11
2025-12-29,FSLR,267.989990234375,275.0,266.04998779296875,268.25,268.25,1060500,S11
2025-12-30,FSLR,268.25,269.42999267578125,263.75,264.29998779296875,264.29998779296875,817500,S11
2025-12-31,FSLR,264.29998779296875,266.29998779296875,260.5,261.2300109863281,261.2300109863281,1081700,S11
2026-01-02,FSLR,265.8599853515625,277.57000732421875,265.8599853515625,274.3399963378906,274.3399963378906,1476600,S11
2026-01-05,FSLR,278.3900146484375,280.5,263.2300109863281,272.0,272.0,2006800,S11
2026-01-06,FSLR,273.0,277.67999267578125,266.2799987792969,268.7799987792969,268.7799987792969,1620700,S11
2026-01-07,FSLR,254.02000427246094,255.9199981689453,239.97999572753906,241.11000061035156,241.11000061035156,6207900,S11
2026-01-08,FSLR,239.66000366210938,247.25,238.52000427246094,246.25999450683594,246.25999450683594,2301300,S11
2026-01-09,FSLR,248.02000427246094,248.0399932861328,235.1199951171875,238.66000366210938,238.66000366210938,3712000,S11
2026-01-12,FSLR,235.52999877929688,244.35000610351562,233.0,237.8300018310547,237.8300018310547,2116400,S11
2026-01-13,FSLR,238.5,244.22000122070312,237.05999755859375,241.36000061035156,241.36000061035156,2063600,S11
2026-01-14,FSLR,239.61000061035156,244.8699951171875,235.25,236.4499969482422,236.4499969482422,1906200,S11
2026-01-15,FSLR,235.0,252.52000427246094,234.80999755859375,243.63999938964844,243.63999938964844,3206300,S11
2026-01-16,FSLR,243.63999938964844,248.6699981689453,243.0,243.72999572753906,243.72999572753906,1955700,S11
2026-01-20,FSLR,239.0,245.0,234.6300048828125,242.11000061035156,242.11000061035156,1998400,S11
2026-01-21,FSLR,244.5,247.64999389648438,238.22000122070312,243.72000122070312,243.72000122070312,1463700,S11
2026-01-22,FSLR,244.35000610351562,247.4499969482422,239.49000549316406,239.67999267578125,239.67999267578125,1976200,S11
2026-01-23,FSLR,240.9199981689453,246.39999389648438,237.9199981689453,242.14999389648438,242.14999389648438,1945500,S11
2026-01-26,FSLR,241.58999633789062,249.5,238.1199951171875,242.97000122070312,242.97000122070312,2218600,S11
2026-01-27,FSLR,242.52000427246094,245.89999389648438,234.38999938964844,235.0500030517578,235.0500030517578,2185600,S11
2026-01-28,FSLR,240.36000061035156,251.36000061035156,238.63999938964844,249.41000366210938,249.41000366210938,2206900,S11
2026-01-29,FSLR,230.22000122070312,232.1999969482422,214.0,224.00999450683594,224.00999450683594,5257300,S11
2026-01-30,FSLR,221.0,233.0,220.85000610351562,225.52000427246094,225.52000427246094,2819000,S11
2026-02-02,FSLR,225.25,231.0500030517578,224.5399932861328,230.5500030517578,230.5500030517578,2029900,S11
2026-02-03,FSLR,228.77999877929688,242.8800048828125,227.6699981689453,239.0399932861328,239.0399932861328,1906600,S11
2026-02-04,FSLR,242.85000610351562,246.7100067138672,231.02999877929688,238.05999755859375,238.05999755859375,2155900,S11
2026-02-05,FSLR,231.2100067138672,238.86000061035156,228.52000427246094,234.36000061035156,234.36000061035156,1714500,S11
2026-02-06,FSLR,233.99000549316406,236.75999450683594,214.74000549316406,218.72999572753906,218.72999572753906,5263900,S11
2026-02-09,FSLR,221.3000030517578,224.4600067138672,217.32000732421875,222.1300048828125,222.1300048828125,2650900,S11
2026-02-10,FSLR,219.0,229.24000549316406,218.05999755859375,226.24000549316406,226.24000549316406,2459500,S11
2026-02-11,FSLR,229.80999755859375,231.1699981689453,222.60000610351562,227.74000549316406,227.74000549316406,1211700,S11
2026-02-12,FSLR,230.1300048828125,230.13999938964844,217.5500030517578,220.4499969482422,220.4499969482422,1648700,S11
2026-02-13,FSLR,218.6999969482422,228.91000366210938,216.72999572753906,225.64999389648438,225.64999389648438,2629500,S11
2026-02-17,FSLR,225.1300048828125,228.02000427246094,220.4600067138672,226.0500030517578,226.0500030517578,2160200,S11
2026-02-18,FSLR,227.33999633789062,239.1199951171875,224.1999969482422,238.57000732421875,238.57000732421875,2557300,S11
2026-02-19,FSLR,238.55999755859375,242.17999267578125,231.14999389648438,233.3000030517578,233.3000030517578,2654600,S11
2026-02-20,FSLR,232.47999572753906,248.8300018310547,230.0,241.8800048828125,241.8800048828125,2804300,S11
2026-02-23,FSLR,242.50999450683594,247.0,239.6699981689453,242.14999389648438,242.14999389648438,1670300,S11
2026-02-24,FSLR,242.47000122070312,250.99000549316406,238.5500030517578,243.2100067138672,243.2100067138672,3336900,S11
2026-02-25,FSLR,197.5399932861328,215.08999633789062,196.4499969482422,210.1199951171875,210.1199951171875,9798300,S11
2026-02-26,FSLR,208.00999450683594,211.5500030517578,197.80999755859375,200.10000610351562,200.10000610351562,4995600,S11
2026-02-27,FSLR,195.97000122070312,197.9199981689453,191.86000061035156,197.1999969482422,197.1999969482422,3775800,S11
2026-03-02,FSLR,193.10000610351562,200.7899932861328,191.7899932861328,199.86000061035156,199.86000061035156,2343000,S11
2026-03-03,FSLR,192.3000030517578,199.52999877929688,191.77000427246094,197.52999877929688,197.52999877929688,1694000,S11
2026-03-04,FSLR,196.8300018310547,203.4600067138672,196.25999450683594,197.27000427246094,197.27000427246094,1882100,S11
2026-03-05,FSLR,197.0,199.16000366210938,190.22999572753906,191.8000030517578,191.8000030517578,1898500,S11
2026-03-06,FSLR,188.89999389648438,192.3000030517578,187.24000549316406,189.2100067138672,189.2100067138672,1801400,S11
2026-03-09,FSLR,187.35000610351562,196.60000610351562,187.10000610351562,195.3800048828125,195.3800048828125,1955800,S11
2026-03-10,FSLR,195.6999969482422,201.17999267578125,195.24000549316406,197.8000030517578,197.8000030517578,1954600,S11
2026-03-11,FSLR,197.0,203.17999267578125,195.30999755859375,200.25,200.25,1419400,S11
2026-03-12,FSLR,199.74000549316406,200.89999389648438,196.49000549316406,197.55999755859375,197.55999755859375,1536500,S11
2026-03-13,FSLR,199.42999267578125,201.99000549316406,193.75999450683594,196.07000732421875,196.07000732421875,1173100,S11
2026-03-16,FSLR,200.47999572753906,202.0,197.64999389648438,199.47999572753906,199.47999572753906,1052400,S11
2026-03-17,FSLR,199.52999877929688,202.72000122070312,197.85000610351562,200.4199981689453,200.4199981689453,1358400,S11
2026-03-18,FSLR,198.8000030517578,202.0,197.5,197.80999755859375,197.80999755859375,1219900,S11
2026-03-19,FSLR,196.6999969482422,200.0399932861328,194.14999389648438,199.64999389648438,199.64999389648438,1319200,S11
2026-03-20,FSLR,194.74000549316406,197.82000732421875,189.77999877929688,192.82000732421875,192.82000732421875,3564900,S11
2026-03-23,FSLR,193.25999450683594,196.92999267578125,188.10000610351562,189.9199981689453,189.9199981689453,2122000,S11
2026-03-24,FSLR,189.69000244140625,194.86000061035156,186.1699981689453,192.85000610351562,192.85000610351562,2141300,S11
2026-03-25,FSLR,195.44000244140625,197.35000610351562,193.30999755859375,193.50999450683594,193.50999450683594,1141000,S11
2026-03-26,FSLR,190.58999633789062,193.0,185.22999572753906,185.8300018310547,185.8300018310547,1568200,S11
2026-03-27,FSLR,185.5500030517578,195.0,185.0,190.2899932861328,190.2899932861328,2260100,S11
2026-03-30,FSLR,192.88999938964844,193.74000549316406,182.99000549316406,184.6999969482422,184.6999969482422,1737800,S11
2026-03-31,FSLR,186.47999572753906,197.85000610351562,186.47999572753906,197.25999450683594,197.25999450683594,2280400,S11
2026-04-01,FSLR,198.02000427246094,200.72999572753906,196.3800048828125,199.4199981689453,199.4199981689453,1580200,S11
2026-04-02,FSLR,196.75999450683594,200.94000244140625,194.63999938964844,195.32000732421875,195.32000732421875,1527300,S11
2026-04-06,FSLR,195.5,198.75999450683594,194.0500030517578,195.57000732421875,195.57000732421875,1599800,S11
2026-04-07,FSLR,193.00999450683594,193.5,188.99000549316406,192.30999755859375,192.30999755859375,1858600,S11
2026-04-08,FSLR,198.99000549316406,202.13999938964844,197.1999969482422,200.77999877929688,200.77999877929688,1395800,S11
2026-04-09,FSLR,200.50999450683594,204.1300048828125,196.80999755859375,197.25,197.25,1054700,S11
2026-04-10,FSLR,198.16000366210938,207.0,197.27999877929688,203.47000122070312,203.47000122070312,1610400,S11
2026-04-13,FSLR,203.5800018310547,206.0,198.86000061035156,200.35000610351562,200.35000610351562,1621300,S11
2026-04-14,FSLR,202.1199951171875,203.50999450683594,195.19000244140625,200.61000061035156,200.61000061035156,2496100,S11
2026-04-15,FSLR,211.0,211.0,194.0,195.1999969482422,195.1999969482422,3515400,S11
2026-04-16,FSLR,195.39999389648438,197.60000610351562,188.63999938964844,191.64999389648438,191.64999389648438,2498700,S11
2026-04-17,FSLR,192.02999877929688,194.97000122070312,189.47000122070312,190.44000244140625,190.44000244140625,3406200,S11
2026-04-20,FSLR,190.14999389648438,193.41000366210938,187.3300018310547,192.49000549316406,192.49000549316406,1868800,S11
2026-04-21,FSLR,193.19000244140625,195.3699951171875,185.1300048828125,186.61000061035156,186.61000061035156,1860900,S11
2026-04-22,FSLR,189.35000610351562,194.75999450683594,188.0,188.7100067138672,188.7100067138672,1967300,S11
2026-04-23,FSLR,189.57000732421875,197.6300048828125,189.5,196.19000244140625,196.19000244140625,2212500,S11
2026-04-24,FSLR,197.24000549316406,197.69000244140625,190.00999450683594,193.75999450683594,193.75999450683594,1506400,S11
2026-04-27,FSLR,195.0399932861328,198.66000366210938,191.8699951171875,197.47999572753906,197.47999572753906,1999700,S11
2026-04-28,FSLR,196.41000366210938,197.72999572753906,194.1300048828125,195.86000061035156,195.86000061035156,1687600,S11
2026-04-29,FSLR,197.0,197.97999572753906,187.1999969482422,190.61000061035156,190.61000061035156,1671400,S11
2026-04-30,FSLR,192.41000366210938,203.94000244140625,189.5,201.88999938964844,201.88999938964844,3259000,S11
2026-05-01,FSLR,200.0800018310547,217.8800048828125,199.89999389648438,211.7100067138672,211.7100067138672,5067600,S11
2026-05-04,FSLR,213.0,215.75,205.19000244140625,211.38999938964844,211.38999938964844,2927600,S11
2026-05-05,FSLR,213.92999267578125,221.5800018310547,212.80999755859375,219.3800048828125,219.3800048828125,3165100,S11
2026-05-06,FSLR,218.16000366210938,219.5399932861328,214.60000610351562,218.0,218.0,2513200,S11
2026-05-07,FSLR,218.89999389648438,223.88999938964844,212.2899932861328,214.57000732421875,214.57000732421875,3018500,S11
2026-05-08,FSLR,216.9199981689453,221.2100067138672,212.00999450683594,219.9499969482422,219.9499969482422,1938300,S11
2026-05-11,FSLR,221.1199951171875,237.57000732421875,221.1199951171875,233.27000427246094,233.27000427246094,4050600,S11
2026-05-12,FSLR,234.9499969482422,237.0,224.02999877929688,228.05999755859375,228.05999755859375,2694400,S11
2026-05-13,FSLR,234.3300018310547,240.83999633789062,231.1699981689453,234.60000610351562,234.60000610351562,2629800,S11
2026-05-14,FSLR,232.50999450683594,236.1300048828125,226.17999267578125,231.6199951171875,231.6199951171875,1854300,S11
2026-05-15,FSLR,226.25,237.5,222.5,233.3699951171875,233.3699951171875,2350600,S11
2026-05-18,FSLR,234.57000732421875,234.89999389648438,227.67999267578125,233.63999938964844,233.63999938964844,2002200,S11
2026-05-19,FSLR,228.14999389648438,229.0399932861328,221.6199951171875,221.7100067138672,221.7100067138672,1848000,S11
2026-05-20,FSLR,226.08999633789062,238.1300048828125,222.22999572753906,237.86000061035156,237.86000061035156,2326500,S11
2026-05-21,FSLR,237.1999969482422,257.0,236.75,248.8800048828125,248.8800048828125,4296000,S11
2026-05-22,FSLR,248.4499969482422,259.1199951171875,242.5,257.8500061035156,257.8500061035156,2476700,S11
2026-05-26,FSLR,266.1300048828125,276.3999938964844,264.1300048828125,269.95001220703125,269.95001220703125,3969400,S11
2026-05-27,FSLR,270.0,274.82000732421875,265.5,273.6700134277344,273.6700134277344,2078600,S11
2026-05-28,FSLR,275.6000061035156,300.5400085449219,275.0400085449219,294.4100036621094,294.4100036621094,2077344,S11
2025-01-02,TAN,33.599998474121094,35.02000045776367,33.599998474121094,34.72999954223633,34.72999954223633,1176700,S11
2025-01-03,TAN,35.0,35.27000045776367,34.79999923706055,35.150001525878906,35.150001525878906,839000,S11
2025-01-06,TAN,35.84000015258789,36.63999938964844,35.5099983215332,35.54999923706055,35.54999923706055,977000,S11
2025-01-07,TAN,35.72999954223633,37.119998931884766,35.72999954223633,36.599998474121094,36.599998474121094,3811200,S11
2025-01-08,TAN,35.939998626708984,35.959999084472656,35.130001068115234,35.29999923706055,35.29999923706055,1419700,S11
2025-01-10,TAN,34.599998474121094,34.79999923706055,33.970001220703125,34.13999938964844,34.13999938964844,812400,S11
2025-01-13,TAN,33.84000015258789,33.84000015258789,32.91999816894531,33.720001220703125,33.720001220703125,884400,S11
2025-01-14,TAN,33.97999954223633,34.689998626708984,33.83000183105469,33.939998626708984,33.939998626708984,779700,S11
2025-01-15,TAN,35.0,35.41999816894531,34.310001373291016,34.349998474121094,34.349998474121094,457100,S11
2025-01-16,TAN,34.2599983215332,34.81999969482422,34.11000061035156,34.68000030517578,34.68000030517578,467900,S11
2025-01-17,TAN,35.02000045776367,35.08000183105469,34.31999969482422,34.38999938964844,34.38999938964844,669600,S11
2025-01-21,TAN,34.09000015258789,34.2400016784668,33.27000045776367,33.66999816894531,33.66999816894531,1223600,S11
2025-01-22,TAN,33.66999816894531,33.66999816894531,32.5099983215332,32.56999969482422,32.56999969482422,1576100,S11
2025-01-23,TAN,32.40999984741211,33.560001373291016,32.119998931884766,33.529998779296875,33.529998779296875,746100,S11
2025-01-24,TAN,33.41999816894531,33.91999816894531,33.34000015258789,33.650001525878906,33.650001525878906,563600,S11
2025-01-27,TAN,33.150001525878906,33.81999969482422,32.959999084472656,33.31999969482422,33.31999969482422,626300,S11
2025-01-28,TAN,33.2599983215332,33.459999084472656,32.45000076293945,32.650001525878906,32.650001525878906,968500,S11
2025-01-29,TAN,33.90999984741211,34.290000915527344,33.34000015258789,33.61000061035156,33.61000061035156,1152700,S11
2025-01-30,TAN,34.09000015258789,34.45000076293945,33.7599983215332,34.18000030517578,34.18000030517578,370300,S11
2025-01-31,TAN,34.40999984741211,34.560001373291016,33.689998626708984,33.79999923706055,33.79999923706055,285300,S11
2025-02-03,TAN,32.689998626708984,33.75,32.599998474121094,33.220001220703125,33.220001220703125,491000,S11
2025-02-04,TAN,33.619998931884766,34.33000183105469,33.2400016784668,33.959999084472656,33.959999084472656,389700,S11
2025-02-05,TAN,34.29999923706055,34.45000076293945,33.439998626708984,33.56999969482422,33.56999969482422,800700,S11
2025-02-06,TAN,33.86000061035156,34.58000183105469,33.86000061035156,34.27000045776367,34.27000045776367,685700,S11
2025-02-07,TAN,34.63999938964844,34.91999816894531,34.099998474121094,34.36000061035156,34.36000061035156,487500,S11
2025-02-10,TAN,34.380001068115234,34.40999984741211,34.04999923706055,34.2599983215332,34.2599983215332,284600,S11
2025-02-11,TAN,33.560001373291016,33.88999938964844,33.2400016784668,33.290000915527344,33.290000915527344,337800,S11
2025-02-12,TAN,33.0099983215332,33.5,32.720001220703125,33.189998626708984,33.189998626708984,350500,S11
2025-02-13,TAN,33.18000030517578,33.83000183105469,33.09000015258789,33.7599983215332,33.7599983215332,273400,S11
2025-02-14,TAN,34.08000183105469,34.529998779296875,33.869998931884766,34.310001373291016,34.310001373291016,449000,S11
2025-02-18,TAN,34.36000061035156,34.95000076293945,34.04999923706055,34.900001525878906,34.900001525878906,932800,S11
2025-02-19,TAN,35.7599983215332,36.400001525878906,35.5,35.5,35.5,1657400,S11
2025-02-20,TAN,35.380001068115234,35.470001220703125,34.72999954223633,35.380001068115234,35.380001068115234,521500,S11
2025-02-21,TAN,35.47999954223633,35.540000915527344,34.209999084472656,34.439998626708984,34.439998626708984,448500,S11
2025-02-24,TAN,34.43000030517578,34.650001525878906,34.04999923706055,34.279998779296875,34.279998779296875,664400,S11
2025-02-25,TAN,34.369998931884766,34.86000061035156,34.130001068115234,34.2599983215332,34.2599983215332,548000,S11
2025-02-26,TAN,35.09000015258789,35.86000061035156,34.959999084472656,34.959999084472656,34.959999084472656,628000,S11
2025-02-27,TAN,35.0099983215332,35.0099983215332,33.61000061035156,33.68000030517578,33.68000030517578,849000,S11
2025-02-28,TAN,33.22999954223633,33.22999954223633,32.029998779296875,32.349998474121094,32.349998474121094,1806500,S11
2025-03-03,TAN,32.470001220703125,32.61000061035156,31.09000015258789,31.309999465942383,31.309999465942383,1379100,S11
2025-03-04,TAN,30.8799991607666,32.54999923706055,30.6200008392334,32.08000183105469,32.08000183105469,1311600,S11
2025-03-05,TAN,32.209999084472656,32.58000183105469,31.75,32.38999938964844,32.38999938964844,617000,S11
2025-03-06,TAN,31.940000534057617,32.38999938964844,31.75,32.150001525878906,32.150001525878906,568600,S11
2025-03-07,TAN,31.989999771118164,32.959999084472656,31.989999771118164,32.83000183105469,32.83000183105469,1150000,S11
2025-03-10,TAN,32.4900016784668,33.34000015258789,32.400001525878906,32.54999923706055,32.54999923706055,1039800,S11
2025-03-11,TAN,32.65999984741211,33.09000015258789,32.040000915527344,32.630001068115234,32.630001068115234,523300,S11
2025-03-12,TAN,32.869998931884766,32.869998931884766,31.959999084472656,32.279998779296875,32.279998779296875,988600,S11
2025-03-13,TAN,31.959999084472656,32.5,31.799999237060547,32.09000015258789,32.09000015258789,202800,S11
2025-03-14,TAN,32.279998779296875,32.81999969482422,32.279998779296875,32.38999938964844,32.38999938964844,339700,S11
2025-03-17,TAN,32.459999084472656,33.689998626708984,32.459999084472656,33.540000915527344,33.540000915527344,679900,S11
2025-03-18,TAN,33.349998474121094,33.349998474121094,32.630001068115234,32.869998931884766,32.869998931884766,370800,S11
2025-03-19,TAN,32.849998474121094,33.279998779296875,32.77000045776367,33.09000015258789,33.09000015258789,183800,S11
2025-03-20,TAN,32.5099983215332,33.060001373291016,32.36000061035156,32.59000015258789,32.59000015258789,270900,S11
2025-03-21,TAN,32.13999938964844,32.45000076293945,31.8799991607666,32.15999984741211,32.15999984741211,603600,S11
2025-03-24,TAN,32.2400016784668,32.599998474121094,31.81999969482422,31.829999923706055,31.829999923706055,418800,S11
2025-03-25,TAN,31.940000534057617,32.59000015258789,31.940000534057617,32.130001068115234,32.130001068115234,336100,S11
2025-03-26,TAN,32.099998474121094,32.400001525878906,31.209999084472656,31.360000610351562,31.360000610351562,314800,S11
2025-03-27,TAN,31.219999313354492,31.670000076293945,31.010000228881836,31.270000457763672,31.270000457763672,200300,S11
2025-03-28,TAN,31.040000915527344,31.190000534057617,30.760000228881836,31.010000228881836,31.010000228881836,400900,S11
2025-03-31,TAN,30.510000228881836,30.56999969482422,29.760000228881836,30.459999084472656,30.459999084472656,574400,S11
2025-04-01,TAN,30.56999969482422,30.84000015258789,29.90999984741211,30.799999237060547,30.799999237060547,707100,S11
2025-04-02,TAN,30.440000534057617,31.170000076293945,30.440000534057617,31.079999923706055,31.079999923706055,206200,S11
2025-04-03,TAN,30.239999771118164,30.860000610351562,29.979999542236328,30.350000381469727,30.350000381469727,832300,S11
2025-04-04,TAN,29.229999542236328,29.229999542236328,28.200000762939453,28.8799991607666,28.8799991607666,1045400,S11
2025-04-07,TAN,27.049999237060547,29.15999984741211,27.030000686645508,27.670000076293945,27.670000076293945,1156500,S11
2025-04-08,TAN,28.329999923706055,28.5,25.6299991607666,26.030000686645508,26.030000686645508,1462500,S11
2025-04-09,TAN,25.8799991607666,28.059999465942383,25.530000686645508,27.969999313354492,27.969999313354492,1090800,S11
2025-04-10,TAN,27.270000457763672,27.600000381469727,25.950000762939453,26.700000762939453,26.700000762939453,827300,S11
2025-04-11,TAN,27.0,27.790000915527344,26.6299991607666,27.719999313354492,27.719999313354492,721000,S11
2025-04-14,TAN,28.229999542236328,28.850000381469727,28.059999465942383,28.649999618530273,28.649999618530273,1219200,S11
2025-04-15,TAN,28.799999237060547,28.8799991607666,28.190000534057617,28.290000915527344,28.290000915527344,324400,S11
2025-04-16,TAN,27.899999618530273,28.31999969482422,27.440000534057617,27.829999923706055,27.829999923706055,465600,S11
2025-04-17,TAN,27.790000915527344,28.239999771118164,27.600000381469727,28.15999984741211,28.15999984741211,780900,S11
2025-04-21,TAN,28.079999923706055,28.079999923706055,27.229999542236328,27.610000610351562,27.610000610351562,608600,S11
2025-04-22,TAN,28.219999313354492,29.309999465942383,28.149999618530273,28.850000381469727,28.850000381469727,883500,S11
2025-04-23,TAN,28.93000030517578,29.170000076293945,28.1299991607666,28.290000915527344,28.290000915527344,861200,S11
2025-04-24,TAN,28.40999984741211,29.18000030517578,28.389999389648438,29.0,29.0,810700,S11
2025-04-25,TAN,28.969999313354492,30.010000228881836,28.860000610351562,29.8799991607666,29.8799991607666,559200,S11
2025-04-28,TAN,29.81999969482422,30.030000686645508,29.479999542236328,29.790000915527344,29.790000915527344,456200,S11
2025-04-29,TAN,29.540000915527344,29.850000381469727,29.3700008392334,29.610000610351562,29.610000610351562,350900,S11
2025-04-30,TAN,28.6299991607666,28.719999313354492,27.81999969482422,28.3799991607666,28.3799991607666,1604800,S11
2025-05-01,TAN,28.649999618530273,29.149999618530273,28.56999969482422,28.799999237060547,28.799999237060547,690600,S11
2025-05-02,TAN,29.25,29.549999237060547,29.1200008392334,29.350000381469727,29.350000381469727,780100,S11
2025-05-05,TAN,29.1200008392334,29.139999389648438,28.610000610351562,28.850000381469727,28.850000381469727,1998900,S11
2025-05-06,TAN,29.200000762939453,29.920000076293945,29.09000015258789,29.299999237060547,29.299999237060547,1121600,S11
2025-05-07,TAN,29.270000457763672,29.75,29.209999084472656,29.600000381469727,29.600000381469727,283300,S11
2025-05-08,TAN,30.1299991607666,30.979999542236328,29.75,30.729999542236328,30.729999542236328,1340500,S11
2025-05-09,TAN,30.799999237060547,31.850000381469727,30.799999237060547,31.709999084472656,31.709999084472656,1474300,S11
2025-05-12,TAN,33.20000076293945,33.72999954223633,32.349998474121094,33.029998779296875,33.029998779296875,5843400,S11
2025-05-13,TAN,34.130001068115234,35.54999923706055,34.0,34.720001220703125,34.720001220703125,2287100,S11
2025-05-14,TAN,34.79999923706055,35.59000015258789,34.619998931884766,35.2599983215332,35.2599983215332,1529300,S11
2025-05-15,TAN,34.63999938964844,35.709999084472656,34.45000076293945,35.65999984741211,35.65999984741211,1406500,S11
2025-05-16,TAN,35.43000030517578,35.93000030517578,34.900001525878906,35.13999938964844,35.13999938964844,956100,S11
2025-05-19,TAN,34.36000061035156,34.58000183105469,33.83000183105469,34.27000045776367,34.27000045776367,3033500,S11
2025-05-20,TAN,34.22999954223633,35.119998931884766,34.209999084472656,34.47999954223633,34.47999954223633,550600,S11
2025-05-21,TAN,34.220001220703125,34.439998626708984,33.77000045776367,33.970001220703125,33.970001220703125,704800,S11
2025-05-22,TAN,31.209999084472656,31.6200008392334,30.56999969482422,31.440000534057617,31.440000534057617,3756400,S11
2025-05-23,TAN,30.959999084472656,32.040000915527344,30.75,31.729999542236328,31.729999542236328,880200,S11
2025-05-27,TAN,31.979999542236328,32.06999969482422,31.549999237060547,31.93000030517578,31.93000030517578,724400,S11
2025-05-28,TAN,31.790000915527344,31.899999618530273,31.540000915527344,31.68000030517578,31.68000030517578,455500,S11
2025-05-29,TAN,32.25,32.400001525878906,31.770000457763672,31.93000030517578,31.93000030517578,727300,S11
2025-05-30,TAN,31.8799991607666,32.65999984741211,31.540000915527344,32.349998474121094,32.349998474121094,677900,S11
2025-06-02,TAN,32.22999954223633,32.40999984741211,31.459999084472656,31.81999969482422,31.81999969482422,620300,S11
2025-06-03,TAN,31.8700008392334,33.16999816894531,31.579999923706055,33.09000015258789,33.09000015258789,1019000,S11
2025-06-04,TAN,33.459999084472656,33.529998779296875,32.95000076293945,33.119998931884766,33.119998931884766,698400,S11
2025-06-05,TAN,33.2599983215332,33.70000076293945,32.7400016784668,33.33000183105469,33.33000183105469,756200,S11
2025-06-06,TAN,33.540000915527344,33.75,33.2599983215332,33.59000015258789,33.59000015258789,494300,S11
2025-06-09,TAN,33.9900016784668,34.439998626708984,33.70000076293945,33.779998779296875,33.779998779296875,452900,S11
2025-06-10,TAN,34.38999938964844,34.599998474121094,33.849998474121094,34.31999969482422,34.31999969482422,548400,S11
2025-06-11,TAN,34.599998474121094,34.91999816894531,34.27000045776367,34.540000915527344,34.540000915527344,812300,S11
2025-06-12,TAN,34.27000045776367,34.56999969482422,34.11000061035156,34.22999954223633,34.22999954223633,307700,S11
2025-06-13,TAN,33.5,35.2599983215332,33.45000076293945,34.970001220703125,34.970001220703125,1205700,S11
2025-06-16,TAN,35.36000061035156,35.63999938964844,34.75,35.380001068115234,35.380001068115234,911900,S11
2025-06-17,TAN,31.68000030517578,32.5,31.399999618530273,32.13999938964844,32.13999938964844,2879500,S11
2025-06-18,TAN,32.08000183105469,32.79999923706055,32.04999923706055,32.4900016784668,32.4900016784668,668900,S11
2025-06-20,TAN,32.650001525878906,33.0099983215332,32.040000915527344,32.04999923706055,32.04999923706055,1432600,S11
2025-06-23,TAN,31.989999771118164,32.31999969482422,31.59000015258789,32.060001373291016,32.060001373291016,556900,S11
2025-06-24,TAN,32.310001373291016,33.65999984741211,31.93000030517578,33.40999984741211,33.40999984741211,1142800,S11
2025-06-25,TAN,33.540000915527344,33.56999969482422,33.0099983215332,33.470001220703125,33.470001220703125,312700,S11
2025-06-26,TAN,33.83000183105469,34.560001373291016,33.83000183105469,34.310001373291016,34.310001373291016,572300,S11
2025-06-27,TAN,34.619998931884766,34.619998931884766,33.75,34.13999938964844,34.13999938964844,269900,S11
2025-06-30,TAN,33.95000076293945,34.689998626708984,33.720001220703125,34.2599983215332,34.2599983215332,589300,S11
2025-07-01,TAN,34.560001373291016,36.11000061035156,33.970001220703125,35.2400016784668,35.2400016784668,1228000,S11
2025-07-02,TAN,36.369998931884766,37.619998931884766,36.279998779296875,37.040000915527344,37.040000915527344,1478600,S11
2025-07-03,TAN,37.75,38.91999816894531,37.54999923706055,38.72999954223633,38.72999954223633,1963100,S11
2025-07-07,TAN,38.4900016784668,38.93000030517578,38.15999984741211,38.54999923706055,38.54999923706055,890300,S11
2025-07-08,TAN,38.099998474121094,38.52000045776367,37.81999969482422,38.08000183105469,38.08000183105469,856800,S11
2025-07-09,TAN,38.0099983215332,38.68000030517578,37.81999969482422,38.58000183105469,38.58000183105469,1145800,S11
2025-07-10,TAN,38.880001068115234,39.099998474121094,38.630001068115234,38.91999816894531,38.91999816894531,321400,S11
2025-07-11,TAN,38.54999923706055,38.619998931884766,37.86000061035156,38.099998474121094,38.099998474121094,378100,S11
2025-07-14,TAN,38.11000061035156,38.779998779296875,37.88999938964844,38.29999923706055,38.29999923706055,690900,S11
2025-07-15,TAN,38.13999938964844,38.84000015258789,38.130001068115234,38.31999969482422,38.31999969482422,455100,S11
2025-07-16,TAN,38.380001068115234,38.5099983215332,37.599998474121094,37.869998931884766,37.869998931884766,362500,S11
2025-07-17,TAN,37.810001373291016,38.36000061035156,37.810001373291016,37.970001220703125,37.970001220703125,833600,S11
2025-07-18,TAN,37.9900016784668,38.20000076293945,37.68000030517578,37.9900016784668,37.9900016784668,481000,S11
2025-07-21,TAN,38.09000015258789,38.880001068115234,38.0099983215332,38.36000061035156,38.36000061035156,516800,S11
2025-07-22,TAN,39.099998474121094,40.349998474121094,39.02000045776367,40.119998931884766,40.119998931884766,1015400,S11
2025-07-23,TAN,39.869998931884766,39.869998931884766,38.95000076293945,39.27000045776367,39.27000045776367,949200,S11
2025-07-24,TAN,39.63999938964844,39.790000915527344,38.939998626708984,39.130001068115234,39.130001068115234,428900,S11
2025-07-25,TAN,39.099998474121094,39.16999816894531,38.65999984741211,39.11000061035156,39.11000061035156,187800,S11
2025-07-28,TAN,38.959999084472656,38.959999084472656,38.41999816894531,38.68000030517578,38.68000030517578,393900,S11
2025-07-29,TAN,38.970001220703125,39.02000045776367,38.310001373291016,38.41999816894531,38.41999816894531,360700,S11
2025-07-30,TAN,38.11000061035156,38.13999938964844,37.310001373291016,37.560001373291016,37.560001373291016,535400,S11
2025-07-31,TAN,37.09000015258789,37.34000015258789,36.540000915527344,36.79999923706055,36.79999923706055,885000,S11
2025-08-01,TAN,37.13999938964844,37.25,36.349998474121094,36.459999084472656,36.459999084472656,531600,S11
2025-08-04,TAN,36.619998931884766,36.88999938964844,36.4900016784668,36.689998626708984,36.689998626708984,301400,S11
2025-08-05,TAN,36.70000076293945,36.709999084472656,36.279998779296875,36.459999084472656,36.459999084472656,313600,S11
2025-08-06,TAN,36.45000076293945,36.540000915527344,35.97999954223633,36.06999969482422,36.06999969482422,485500,S11
2025-08-07,TAN,36.83000183105469,37.15999984741211,36.47999954223633,36.47999954223633,36.47999954223633,528900,S11
2025-08-08,TAN,36.97999954223633,37.130001068115234,36.56999969482422,36.75,36.75,508400,S11
2025-08-11,TAN,37.209999084472656,37.650001525878906,36.4900016784668,36.599998474121094,36.599998474121094,597200,S11
2025-08-12,TAN,36.7599983215332,36.970001220703125,36.4900016784668,36.880001068115234,36.880001068115234,331100,S11
2025-08-13,TAN,36.959999084472656,37.790000915527344,36.959999084472656,37.25,37.25,497000,S11
2025-08-14,TAN,36.75,36.849998474121094,36.11000061035156,36.619998931884766,36.619998931884766,469800,S11
2025-08-15,TAN,37.15999984741211,40.63999938964844,37.150001525878906,39.84000015258789,39.84000015258789,2175400,S11
2025-08-18,TAN,40.91999816894531,41.970001220703125,40.869998931884766,41.689998626708984,41.689998626708984,1600100,S11
2025-08-19,TAN,41.279998779296875,41.650001525878906,40.7599983215332,41.0,41.0,1321100,S11
2025-08-20,TAN,41.0,41.619998931884766,40.7400016784668,41.029998779296875,41.029998779296875,897500,S11
2025-08-21,TAN,40.459999084472656,40.459999084472656,39.36000061035156,39.619998931884766,39.619998931884766,1038700,S11
2025-08-22,TAN,39.79999923706055,42.040000915527344,39.77000045776367,41.88999938964844,41.88999938964844,1523900,S11
2025-08-25,TAN,41.52000045776367,41.9900016784668,41.150001525878906,41.66999816894531,41.66999816894531,1037200,S11
2025-08-26,TAN,41.689998626708984,42.630001068115234,41.4900016784668,41.810001373291016,41.810001373291016,1732800,S11
2025-08-27,TAN,41.70000076293945,41.70000076293945,40.849998474121094,40.959999084472656,40.959999084472656,989600,S11
2025-08-28,TAN,41.529998779296875,41.709999084472656,41.08000183105469,41.459999084472656,41.459999084472656,321100,S11
2025-08-29,TAN,41.61000061035156,42.040000915527344,41.439998626708984,41.54999923706055,41.54999923706055,390800,S11
2025-09-02,TAN,40.15999984741211,41.02000045776367,39.75,40.97999954223633,40.97999954223633,799800,S11
2025-09-03,TAN,41.0,42.040000915527344,41.0,41.56999969482422,41.56999969482422,1071100,S11
2025-09-04,TAN,41.81999969482422,42.15999984741211,41.41999816894531,42.02000045776367,42.02000045776367,611200,S11
2025-09-05,TAN,43.439998626708984,44.4900016784668,42.93000030517578,44.040000915527344,44.040000915527344,1550800,S11
2025-09-08,TAN,44.119998931884766,44.130001068115234,42.90999984741211,43.33000183105469,43.33000183105469,1142000,S11
2025-09-09,TAN,43.02000045776367,43.18000030517578,41.650001525878906,41.970001220703125,41.970001220703125,898200,S11
2025-09-10,TAN,42.0,42.36000061035156,41.61000061035156,41.90999984741211,41.90999984741211,699500,S11
2025-09-11,TAN,42.08000183105469,42.599998474121094,41.599998474121094,41.86000061035156,41.86000061035156,443800,S11
2025-09-12,TAN,41.599998474121094,41.95000076293945,41.400001525878906,41.779998779296875,41.779998779296875,537400,S11
2025-09-15,TAN,41.77000045776367,42.54999923706055,41.33000183105469,42.349998474121094,42.349998474121094,523700,S11
2025-09-16,TAN,42.529998779296875,42.93000030517578,42.31999969482422,42.66999816894531,42.66999816894531,364100,S11
2025-09-17,TAN,42.720001220703125,43.779998779296875,42.33000183105469,42.86000061035156,42.86000061035156,668600,S11
2025-09-18,TAN,43.060001373291016,43.060001373291016,42.11000061035156,42.810001373291016,42.810001373291016,1070200,S11
2025-09-19,TAN,42.720001220703125,43.369998931884766,42.66999816894531,43.16999816894531,43.16999816894531,1562200,S11
2025-09-22,TAN,42.61000061035156,43.91999816894531,42.56999969482422,43.88999938964844,43.88999938964844,505300,S11
2025-09-23,TAN,43.97999954223633,43.97999954223633,42.220001220703125,42.369998931884766,42.369998931884766,877600,S11
2025-09-24,TAN,42.95000076293945,44.08000183105469,42.79999923706055,43.349998474121094,43.349998474121094,743900,S11
2025-09-25,TAN,42.84000015258789,43.77000045776367,42.29999923706055,43.709999084472656,43.709999084472656,402200,S11
2025-09-26,TAN,43.43000030517578,43.58000183105469,42.7599983215332,43.41999816894531,43.41999816894531,534000,S11
2025-09-29,TAN,43.900001525878906,44.209999084472656,43.560001373291016,43.81999969482422,43.81999969482422,874400,S11
2025-09-30,TAN,44.2400016784668,44.33000183105469,43.18000030517578,43.630001068115234,43.630001068115234,288500,S11
2025-10-01,TAN,44.060001373291016,45.31999969482422,44.060001373291016,45.08000183105469,45.08000183105469,839300,S11
2025-10-02,TAN,46.09000015258789,46.41999816894531,45.83000183105469,46.18000030517578,46.18000030517578,872500,S11
2025-10-03,TAN,46.52000045776367,46.959999084472656,45.599998474121094,45.97999954223633,45.97999954223633,869000,S11
2025-10-06,TAN,46.5,46.709999084472656,46.150001525878906,46.2400016784668,46.2400016784668,491600,S11
2025-10-07,TAN,46.29999923706055,46.52000045776367,45.36000061035156,45.68000030517578,45.68000030517578,866600,S11
2025-10-08,TAN,46.310001373291016,46.400001525878906,45.95000076293945,46.13999938964844,46.13999938964844,400700,S11
2025-10-09,TAN,46.72999954223633,48.56999969482422,46.599998474121094,47.540000915527344,47.540000915527344,1295100,S11
2025-10-10,TAN,47.650001525878906,47.66999816894531,44.619998931884766,44.95000076293945,44.95000076293945,1875500,S11
2025-10-13,TAN,45.95000076293945,47.0,45.880001068115234,46.31999969482422,46.31999969482422,882700,S11
2025-10-14,TAN,45.810001373291016,47.61000061035156,45.369998931884766,46.88999938964844,46.88999938964844,905600,S11
2025-10-15,TAN,48.2599983215332,49.31999969482422,47.5099983215332,48.93000030517578,48.93000030517578,2165500,S11
2025-10-16,TAN,49.5,49.599998474121094,47.79999923706055,48.029998779296875,48.029998779296875,1364300,S11
2025-10-17,TAN,46.959999084472656,47.310001373291016,46.279998779296875,46.560001373291016,46.560001373291016,1277900,S11
2025-10-20,TAN,47.0099983215332,47.529998779296875,46.91999816894531,47.2400016784668,47.2400016784668,562900,S11
2025-10-21,TAN,47.70000076293945,47.70000076293945,46.47999954223633,46.810001373291016,46.810001373291016,385800,S11
2025-10-22,TAN,46.40999984741211,46.65999984741211,45.029998779296875,45.95000076293945,45.95000076293945,670400,S11
2025-10-23,TAN,45.86000061035156,46.7599983215332,45.66999816894531,46.529998779296875,46.529998779296875,254400,S11
2025-10-24,TAN,47.95000076293945,48.619998931884766,47.810001373291016,48.099998474121094,48.099998474121094,583800,S11
2025-10-27,TAN,49.150001525878906,49.15999984741211,48.369998931884766,48.90999984741211,48.90999984741211,807600,S11
2025-10-28,TAN,49.34000015258789,49.34000015258789,48.279998779296875,48.45000076293945,48.45000076293945,560400,S11
2025-10-29,TAN,48.52000045776367,49.81999969482422,48.34000015258789,48.599998474121094,48.599998474121094,980000,S11
2025-10-30,TAN,48.529998779296875,48.529998779296875,47.709999084472656,47.72999954223633,47.72999954223633,314400,S11
2025-10-31,TAN,48.02000045776367,49.33000183105469,48.02000045776367,49.119998931884766,49.119998931884766,684300,S11
2025-11-03,TAN,49.95000076293945,49.95000076293945,48.970001220703125,49.13999938964844,49.13999938964844,950100,S11
2025-11-04,TAN,47.65999984741211,48.689998626708984,47.25,47.93000030517578,47.93000030517578,666000,S11
2025-11-05,TAN,48.56999969482422,51.72999954223633,48.33000183105469,51.279998779296875,51.279998779296875,1999200,S11
2025-11-06,TAN,51.599998474121094,51.790000915527344,50.029998779296875,50.2400016784668,50.2400016784668,1282800,S11
2025-11-07,TAN,49.689998626708984,50.470001220703125,48.349998474121094,50.38999938964844,50.38999938964844,1790600,S11
2025-11-10,TAN,51.959999084472656,53.68000030517578,51.54999923706055,52.86000061035156,52.86000061035156,2155200,S11
2025-11-11,TAN,52.189998626708984,52.41999816894531,51.18000030517578,51.849998474121094,51.849998474121094,902700,S11
2025-11-12,TAN,51.959999084472656,52.08000183105469,50.060001373291016,50.56999969482422,50.56999969482422,1074400,S11
2025-11-13,TAN,50.540000915527344,50.66999816894531,48.2400016784668,48.47999954223633,48.47999954223633,829800,S11
2025-11-14,TAN,47.09000015258789,49.95000076293945,46.869998931884766,49.5099983215332,49.5099983215332,1736500,S11
2025-11-17,TAN,49.27000045776367,49.72999954223633,48.38999938964844,48.7599983215332,48.7599983215332,1206500,S11
2025-11-18,TAN,47.810001373291016,49.0099983215332,47.2599983215332,48.220001220703125,48.220001220703125,1143600,S11
2025-11-19,TAN,47.84000015258789,48.58000183105469,47.5,47.619998931884766,47.619998931884766,524100,S11
2025-11-20,TAN,48.36000061035156,48.68000030517578,45.59000015258789,45.65999984741211,45.65999984741211,1381000,S11
2025-11-21,TAN,45.20000076293945,46.33000183105469,44.45000076293945,45.939998626708984,45.939998626708984,1332400,S11
2025-11-24,TAN,45.75,46.75,45.52000045776367,46.459999084472656,46.459999084472656,441000,S11
2025-11-25,TAN,46.380001068115234,47.310001373291016,45.5099983215332,47.08000183105469,47.08000183105469,385500,S11
2025-11-26,TAN,47.31999969482422,48.16999816894531,46.91999816894531,47.900001525878906,47.900001525878906,718900,S11
2025-11-28,TAN,48.61000061035156,49.029998779296875,48.220001220703125,48.90999984741211,48.90999984741211,573800,S11
2025-12-01,TAN,48.45000076293945,48.45000076293945,47.56999969482422,47.63999938964844,47.63999938964844,470800,S11
2025-12-02,TAN,48.27000045776367,48.27000045776367,47.209999084472656,47.630001068115234,47.630001068115234,241100,S11
2025-12-03,TAN,47.79999923706055,47.79999923706055,46.720001220703125,47.380001068115234,47.380001068115234,351400,S11
2025-12-04,TAN,47.310001373291016,48.209999084472656,47.189998626708984,48.040000915527344,48.040000915527344,434300,S11
2025-12-05,TAN,48.0,48.27000045776367,47.540000915527344,47.689998626708984,47.689998626708984,312400,S11
2025-12-08,TAN,47.849998474121094,48.119998931884766,47.11000061035156,47.59000015258789,47.59000015258789,319200,S11
2025-12-09,TAN,47.470001220703125,48.400001525878906,47.31999969482422,47.470001220703125,47.470001220703125,646000,S11
2025-12-10,TAN,47.31999969482422,49.279998779296875,47.15999984741211,48.779998779296875,48.779998779296875,1254900,S11
2025-12-11,TAN,48.029998779296875,49.40999984741211,47.33000183105469,49.2400016784668,49.2400016784668,1931900,S11
2025-12-12,TAN,49.869998931884766,49.880001068115234,47.130001068115234,47.84000015258789,47.84000015258789,1367500,S11
2025-12-15,TAN,48.2400016784668,48.2400016784668,47.2400016784668,47.56999969482422,47.56999969482422,522400,S11
2025-12-16,TAN,47.29999923706055,48.18000030517578,47.13999938964844,47.790000915527344,47.790000915527344,616200,S11
2025-12-17,TAN,47.959999084472656,48.689998626708984,47.130001068115234,47.25,47.25,431200,S11
2025-12-18,TAN,48.13999938964844,49.38999938964844,48.13999938964844,48.33000183105469,48.33000183105469,829200,S11
2025-12-19,TAN,48.77000045776367,49.349998474121094,48.5099983215332,48.9900016784668,48.9900016784668,996800,S11
2025-12-22,TAN,49.79999923706055,51.779998779296875,49.720001220703125,51.400001525878906,51.400001525878906,2540300,S11
2025-12-23,TAN,51.220001220703125,51.220001220703125,49.869998931884766,50.400001525878906,50.400001525878906,955800,S11
2025-12-24,TAN,50.380001068115234,51.040000915527344,50.11000061035156,50.86000061035156,50.86000061035156,678200,S11
2025-12-26,TAN,51.08000183105469,51.08000183105469,50.189998626708984,50.83000183105469,50.83000183105469,460800,S11
2025-12-29,TAN,50.380001068115234,51.08000183105469,50.04999923706055,50.130001068115234,50.130001068115234,924600,S11
2025-12-30,TAN,50.38999938964844,50.63999938964844,49.5,49.529998779296875,49.529998779296875,951800,S11
2025-12-31,TAN,49.33000183105469,49.63999938964844,49.0099983215332,49.119998931884766,49.119998931884766,836600,S11
2026-01-02,TAN,50.349998474121094,51.7400016784668,50.349998474121094,51.599998474121094,51.599998474121094,1118300,S11
2026-01-05,TAN,52.0,52.15999984741211,50.029998779296875,51.119998931884766,51.119998931884766,1364000,S11
2026-01-06,TAN,51.38999938964844,51.900001525878906,50.959999084472656,51.5099983215332,51.5099983215332,1941700,S11
2026-01-07,TAN,51.5,51.5,50.150001525878906,50.470001220703125,50.470001220703125,1038200,S11
2026-01-08,TAN,50.0,51.02000045776367,49.720001220703125,50.400001525878906,50.400001525878906,549100,S11
2026-01-09,TAN,50.310001373291016,50.630001068115234,49.810001373291016,50.29999923706055,50.29999923706055,486900,S11
2026-01-12,TAN,50.220001220703125,52.540000915527344,50.18000030517578,52.13999938964844,52.13999938964844,1134100,S11
2026-01-13,TAN,52.45000076293945,52.810001373291016,51.810001373291016,52.189998626708984,52.189998626708984,799300,S11
2026-01-14,TAN,52.189998626708984,52.560001373291016,51.40999984741211,51.4900016784668,51.4900016784668,711400,S11
2026-01-15,TAN,51.970001220703125,52.58000183105469,51.709999084472656,51.970001220703125,51.970001220703125,533200,S11
2026-01-16,TAN,52.2599983215332,52.529998779296875,51.58000183105469,51.880001068115234,51.880001068115234,820600,S11
2026-01-20,TAN,51.16999816894531,51.970001220703125,50.709999084472656,51.4900016784668,51.4900016784668,924300,S11
2026-01-21,TAN,51.54999923706055,52.310001373291016,51.0099983215332,52.25,52.25,803400,S11
2026-01-22,TAN,52.939998626708984,54.79999923706055,52.939998626708984,54.02000045776367,54.02000045776367,2464300,S11
2026-01-23,TAN,55.2400016784668,55.90999984741211,54.790000915527344,55.22999954223633,55.22999954223633,2458600,S11
2026-01-26,TAN,54.91999816894531,56.11000061035156,54.45000076293945,55.11000061035156,55.11000061035156,1841200,S11
2026-01-27,TAN,55.58000183105469,56.47999954223633,55.08000183105469,56.060001373291016,56.060001373291016,1192200,S11
2026-01-28,TAN,57.02000045776367,57.93000030517578,56.33000183105469,57.36000061035156,57.36000061035156,2526200,S11
2026-01-29,TAN,57.189998626708984,57.189998626708984,53.91999816894531,55.75,55.75,2598200,S11
2026-01-30,TAN,54.81999969482422,55.68000030517578,53.5099983215332,53.849998474121094,53.849998474121094,1337400,S11
2026-02-02,TAN,53.529998779296875,54.119998931884766,52.810001373291016,53.689998626708984,53.689998626708984,1072300,S11
2026-02-03,TAN,54.65999984741211,56.27000045776367,54.15999984741211,55.59000015258789,55.59000015258789,1189500,S11
2026-02-04,TAN,58.0099983215332,59.400001525878906,56.40999984741211,58.099998474121094,58.099998474121094,3546000,S11
2026-02-05,TAN,56.52000045776367,57.45000076293945,55.75,55.83000183105469,55.83000183105469,1136600,S11
2026-02-06,TAN,56.970001220703125,57.79999923706055,56.27000045776367,57.7400016784668,57.7400016784668,1021400,S11
2026-02-09,TAN,57.959999084472656,59.02000045776367,57.470001220703125,58.720001220703125,58.720001220703125,1191100,S11
2026-02-10,TAN,58.77000045776367,59.45000076293945,57.70000076293945,58.59000015258789,58.59000015258789,1243300,S11
2026-02-11,TAN,59.529998779296875,59.54999923706055,56.939998626708984,58.380001068115234,58.380001068115234,1156600,S11
2026-02-12,TAN,58.939998626708984,58.939998626708984,56.41999816894531,56.86000061035156,56.86000061035156,1168700,S11
2026-02-13,TAN,57.279998779296875,58.349998474121094,56.52000045776367,57.91999816894531,57.91999816894531,1050200,S11
2026-02-17,TAN,58.560001373291016,60.15999984741211,58.040000915527344,59.869998931884766,59.869998931884766,1050400,S11
2026-02-18,TAN,60.86000061035156,61.029998779296875,59.79999923706055,60.43000030517578,60.43000030517578,1223700,S11
2026-02-19,TAN,59.15999984741211,59.33000183105469,58.16999816894531,58.52000045776367,58.52000045776367,865900,S11
2026-02-20,TAN,58.36000061035156,60.22999954223633,58.27000045776367,59.77000045776367,59.77000045776367,681100,S11
2026-02-23,TAN,59.77000045776367,60.290000915527344,59.25,60.09000015258789,60.09000015258789,1125000,S11
2026-02-24,TAN,59.59000015258789,60.95000076293945,58.81999969482422,60.529998779296875,60.529998779296875,3343200,S11
2026-02-25,TAN,59.54999923706055,60.439998626708984,59.22999954223633,59.310001373291016,59.310001373291016,1295500,S11
2026-02-26,TAN,58.279998779296875,58.45000076293945,56.65999984741211,57.58000183105469,57.58000183105469,2427400,S11
2026-02-27,TAN,56.63999938964844,56.869998931884766,54.20000076293945,55.0,55.0,3458300,S11
2026-03-02,TAN,54.72999954223633,56.540000915527344,54.72999954223633,56.36000061035156,56.36000061035156,1616100,S11
2026-03-03,TAN,54.25,54.689998626708984,53.209999084472656,54.470001220703125,54.470001220703125,1675300,S11
2026-03-04,TAN,54.5099983215332,55.09000015258789,54.25,54.869998931884766,54.869998931884766,1427700,S11
2026-03-05,TAN,54.75,55.279998779296875,53.439998626708984,54.09000015258789,54.09000015258789,1143200,S11
2026-03-06,TAN,53.220001220703125,53.93000030517578,53.16999816894531,53.279998779296875,53.279998779296875,1567800,S11
2026-03-09,TAN,52.310001373291016,54.22999954223633,51.79999923706055,54.099998474121094,54.099998474121094,2121100,S11
2026-03-10,TAN,54.04999923706055,55.22999954223633,53.9900016784668,54.900001525878906,54.900001525878906,1964500,S11
2026-03-11,TAN,55.439998626708984,56.439998626708984,55.099998474121094,55.72999954223633,55.72999954223633,1118900,S11
2026-03-12,TAN,54.970001220703125,55.15999984741211,54.439998626708984,54.75,54.75,702700,S11
2026-03-13,TAN,55.599998474121094,56.56999969482422,54.970001220703125,55.380001068115234,55.380001068115234,606000,S11
2026-03-16,TAN,56.29999923706055,57.22999954223633,56.22999954223633,56.75,56.75,1058200,S11
2026-03-17,TAN,57.13999938964844,57.779998779296875,57.0,57.7400016784668,57.7400016784668,1116800,S11
2026-03-18,TAN,57.209999084472656,57.599998474121094,56.54999923706055,56.58000183105469,56.58000183105469,941600,S11
2026-03-19,TAN,55.29999923706055,57.13999938964844,54.61000061035156,56.95000076293945,56.95000076293945,1073900,S11
2026-03-20,TAN,56.56999969482422,56.959999084472656,54.59000015258789,55.150001525878906,55.150001525878906,2111600,S11
2026-03-23,TAN,55.52000045776367,56.11000061035156,54.5,54.9900016784668,54.9900016784668,948100,S11
2026-03-24,TAN,54.150001525878906,55.810001373291016,54.04999923706055,55.43000030517578,55.43000030517578,890300,S11
2026-03-25,TAN,56.29999923706055,57.400001525878906,56.0,56.9900016784668,56.9900016784668,1228600,S11
2026-03-26,TAN,56.25,56.9900016784668,55.16999816894531,55.22999954223633,55.22999954223633,1108300,S11
2026-03-27,TAN,54.29999923706055,55.31999969482422,54.040000915527344,54.52000045776367,54.52000045776367,550200,S11
2026-03-30,TAN,54.959999084472656,55.119998931884766,52.52000045776367,52.88999938964844,52.88999938964844,675800,S11
2026-03-31,TAN,53.13999938964844,55.77000045776367,53.099998474121094,55.709999084472656,55.709999084472656,863800,S11
2026-04-01,TAN,56.08000183105469,57.06999969482422,55.9900016784668,56.27000045776367,56.27000045776367,1710400,S11
2026-04-02,TAN,54.900001525878906,56.36000061035156,54.7599983215332,54.849998474121094,54.849998474121094,633400,S11
2026-04-06,TAN,55.0,55.16999816894531,53.650001525878906,54.15999984741211,54.15999984741211,1369400,S11
2026-04-07,TAN,53.709999084472656,53.7400016784668,52.38999938964844,53.470001220703125,53.470001220703125,848800,S11
2026-04-08,TAN,55.47999954223633,55.91999816894531,54.91999816894531,55.47999954223633,55.47999954223633,931100,S11
2026-04-09,TAN,55.0099983215332,55.63999938964844,54.47999954223633,54.720001220703125,54.720001220703125,998200,S11
2026-04-10,TAN,55.0,55.7400016784668,54.61000061035156,55.22999954223633,55.22999954223633,721800,S11
2026-04-13,TAN,55.189998626708984,55.47999954223633,54.630001068115234,54.900001525878906,54.900001525878906,678000,S11
2026-04-14,TAN,54.900001525878906,55.5099983215332,54.66999816894531,55.22999954223633,55.22999954223633,758800,S11
2026-04-15,TAN,56.31999969482422,56.83000183105469,55.040000915527344,55.31999969482422,55.31999969482422,1128400,S11
2026-04-16,TAN,54.959999084472656,55.18000030517578,53.7599983215332,54.4900016784668,54.4900016784668,1503200,S11
2026-04-17,TAN,55.119998931884766,55.290000915527344,54.40999984741211,55.130001068115234,55.130001068115234,2097300,S11
2026-04-20,TAN,55.25,55.81999969482422,54.790000915527344,55.54999923706055,55.54999923706055,1422200,S11
2026-04-21,TAN,55.75,56.22999954223633,54.43000030517578,54.68000030517578,54.68000030517578,872900,S11
2026-04-22,TAN,55.529998779296875,57.310001373291016,55.529998779296875,57.029998779296875,57.029998779296875,2451100,S11
2026-04-23,TAN,57.25,58.810001373291016,57.220001220703125,58.599998474121094,58.599998474121094,2138800,S11
2026-04-24,TAN,59.099998474121094,59.099998474121094,57.630001068115234,58.31999969482422,58.31999969482422,904400,S11
2026-04-27,TAN,58.5,59.060001373291016,57.720001220703125,58.689998626708984,58.689998626708984,789900,S11
2026-04-28,TAN,57.93000030517578,58.2599983215332,57.31999969482422,57.619998931884766,57.619998931884766,1507600,S11
2026-04-29,TAN,57.68000030517578,57.68000030517578,55.45000076293945,56.119998931884766,56.119998931884766,1858700,S11
2026-04-30,TAN,56.65999984741211,58.720001220703125,56.529998779296875,58.40999984741211,58.40999984741211,1031400,S11
2026-05-01,TAN,58.349998474121094,59.95000076293945,58.349998474121094,59.27000045776367,59.27000045776367,1310400,S11
2026-05-04,TAN,59.16999816894531,59.45000076293945,57.79999923706055,58.380001068115234,58.380001068115234,929200,S11
2026-05-05,TAN,59.900001525878906,60.900001525878906,59.189998626708984,60.709999084472656,60.709999084472656,1393900,S11
2026-05-06,TAN,60.47999954223633,60.70000076293945,59.45000076293945,60.470001220703125,60.470001220703125,1222000,S11
2026-05-07,TAN,61.43000030517578,62.0099983215332,59.38999938964844,59.7599983215332,59.7599983215332,1369700,S11
2026-05-08,TAN,60.880001068115234,62.11000061035156,60.709999084472656,61.939998626708984,61.939998626708984,749100,S11
2026-05-11,TAN,61.77000045776367,64.13999938964844,61.77000045776367,63.04999923706055,63.04999923706055,1562600,S11
2026-05-12,TAN,62.29999923706055,62.630001068115234,60.4900016784668,61.650001525878906,61.650001525878906,1119200,S11
2026-05-13,TAN,63.16999816894531,64.55000305175781,62.18000030517578,63.810001373291016,63.810001373291016,1978100,S11
2026-05-14,TAN,63.27000045776367,65.12000274658203,62.099998474121094,64.94999694824219,64.94999694824219,1959000,S11
2026-05-15,TAN,62.52000045776367,65.5,61.810001373291016,64.95999908447266,64.95999908447266,2328100,S11
2026-05-18,TAN,64.87000274658203,64.87000274658203,61.75,62.61000061035156,62.61000061035156,2971100,S11
2026-05-19,TAN,61.880001068115234,61.900001525878906,59.77000045776367,60.970001220703125,60.970001220703125,1281300,S11
2026-05-20,TAN,61.400001525878906,63.29999923706055,60.560001373291016,62.91999816894531,62.91999816894531,1947200,S11
2026-05-21,TAN,62.16999816894531,65.30000305175781,62.15999984741211,64.86000061035156,64.86000061035156,1693100,S11
2026-05-22,TAN,64.75,66.18000030517578,63.540000915527344,65.94999694824219,65.94999694824219,1660100,S11
2026-05-26,TAN,68.0,70.01000213623047,67.44000244140625,68.95999908447266,68.95999908447266,1772500,S11
2026-05-27,TAN,69.44999694824219,71.30999755859375,68.94000244140625,70.51000213623047,70.51000213623047,2641400,S11
2026-05-28,TAN,70.5199966430664,72.30500030517578,70.3499984741211,71.36000061035156,71.36000061035156,402721,S11
